id,q,a,b,c,correct
1,Câu 1: Đồng chí hãy cho biết Nghị quyết số 57-NQ/TW ngày 22/12/2024 của Bộ Chính trị về nội dung gì?,"Về đột phá phát triển khoa học, công nghệ, xây dựng nền kinh tế số.","Về đột phá phát triển khoa học, công nghệ, xây dựng nền kinh tế thị trường theo định hướng XHCN.","Về đột phá phát triển khoa học, công nghệ, đổi mới sáng tạo và chuyển đổi số quốc gia.",C
2,"Câu 2: Nghị quyết số 57-NQ/TW ngày 22/12/2024 của Bộ Chính trị xác định mục tiêu đến năm 2030 tỷ lệ nguồn nhân lực nghiên cứu khoa học, phát triển công nghệ, đổi mới sáng tạo là: ",Đạt 12 người trên 1 vạn dân.,Đạt 10 người trên 1 vạn dân.,Đạt 05 người trên 1 vạn dân.,A
3,Câu 3: Nghị quyết số 57-NQ/TW ngày 22/12/2024 của Bộ Chính trị xác định mục tiêu đến năm 2030 quy mô kinh tế số như thế nào?,Quy mô kinh tế số đạt tối thiểu ngang bằng các nước khu vực Châu Á.,Quy mô kinh tế số đạt tối thiểu 30% GDP.,Quy mô kinh tế số ngang bằng các nước có thu nhập trung bình cao.,B
4,Câu 4: Nghị quyết số 57-NQ/TW ngày 22/12/2024 của Bộ Chính trị xác định mục tiêu đến năm 2030 phát triển doanh nghiệp số là:,Tối thiểu có 05 doanh nghiệp công nghệ số ngang tầm các nước tiên tiến.,Tối thiểu có 05 doanh nghiệp công nghệ số ngang tầm các nước thuộc Nhóm G7.,Tối thiểu có 05 doanh nghiệp công nghệ số thuộc top 20 khu vực Châu Á.,A
5,Câu 5: Nghị quyết số 57-NQ/TW ngày 22/12/2024 của Bộ Chính trị xác định mục tiêu đến năm 2030 tỷ lệ sử dụng dịch vụ công trực tuyến của người dân và doanh nghiệp đạt:,100%.,Trên 80%.,Tuyệt đại đa số người dân và doanh nghiệp đều sử dụng dịch vụ công trực tuyến.,B
6,"Câu 6: Đồng chí hãy cho biết nhiệm vụ, giải pháp cơ bản, quan trọng nhất để đột phá phát triển khoa học, công nghệ, đổi mới sáng tạo và chuyển đổi số quốc gia được Bộ Chính trị xác định trong Nghị quyết số 57-NQ/TW ngày 22/12/2024?","Nâng cao nhận thức, đột phá về đổi mới tư duy, xác định quyết tâm chính trị mạnh mẽ, quyết liệt lãnh đạo, chỉ đạo, tạo xung lực mới, khí thế mới trong toàn xã hội về về phát triển khoa học, công nghệ, đổi mới sáng tạo và chuyển đổi số quốc gia.","Tăng cường đầu tư, hoàn thiện hạ tầng cho khoa học, công nghệ, đổi mới sáng tạo và chuyển đổi số quốc gia.","Phát triển, trọng dụng nhân lực chất lượng cao, nhân tài đáp ứng yêu cầu khoa học, công nghệ, đổi mới sáng tạo và chuyển đổi số quốc gia.",A
7,Câu 7: Đồng chí hãy cho biết Nghị quyết số 3488-NQ/QUTW ngày 29/01/2025 của Quân ủy Trung ương về nội dung gì?,"Về đột phá phát triển khoa học, công nghệ, đổi mới, sáng tạo và chuyển đổi số trong Quân đội.",Về bảo đảm công tác Hậu cần đáp ứng yêu cầu xây dựng Quân đội trong tình hình mới.,"Về đột phá về công tác kỹ thuật đáp ứng yêu cầu xây dựng Quân đội chính quy, hiện đại.",A
8,"Câu 8: Đồng chí hãy cho biết đâu là quan điểm chỉ đạo của Quân ủy Trung ương về đột phá phát triển khoa học, công nghệ, đổi mới sáng tạo và chuyển đổi số trong Quân đội?","Phát triển khoa học, công nghệ, đổi mới sáng tạo và chuyển đổi số trong Quân đội là một trong các đột phá cần thiết, là mũi nhọn tiên phong góp phần xây dựng Quân đội cách mạng, chính quy, tinh nhuệ, hiện đại.","Phát triển khoa học, công nghệ, đổi mới sáng tạo và chuyển đổi số trong Quân đội là một trong các đột phá quan trọng hàng đầu, là mũi nhọn tiên phong góp phần xây dựng Quân đội cách mạng, chính quy, tinh nhuệ, hiện đại.","Phát triển khoa học, công nghệ, đổi mới sáng tạo và chuyển đổi số trong Quân đội là một trong các đột phá vô cùng quan trọng, là mũi nhọn tiên phong góp phần xây dựng Quân đội hiện đại.",B
9,"Câu 9: Đồng chí hãy cho biết mục tiêu đột phá phát triển khoa học, công nghệ, đổi mới sáng tạo và chuyển đổi số trong Quân đội đến năm 2030 được Quân ủy Trung ương xác định trong Nghị quyết số 3488-NQ/QUTW ngày 29/01/2025?","Có từ 10 đến 20 nhóm nghiên cứu chuyên sâu trên các lĩnh vực khoa học công nghệ trọng điểm. Số lượng đơn đăng ký sáng chế, văn bằng bảo hộ sáng chế tăng trung bình 10%/năm. Tỷ lệ nhiệm vụ khoa học và công nghệ có kết quả nghiên cứu ứng dụng vào thực tiễn đạt trên 90%.","Có từ 10 đến 20 nhóm nghiên cứu chuyên sâu trên các lĩnh vực khoa học công nghệ trọng điểm. Số lượng đơn đăng ký sáng chế, văn bằng bảo hộ sáng chế tăng trung bình 15%/năm. Tỷ lệ nhiệm vụ khoa học và công nghệ có kết quả nghiên cứu ứng dụng vào thực tiễn đạt trên 90%.","Có từ 10 đến 20 nhóm nghiên cứu chuyên sâu trên các lĩnh vực khoa học công nghệ trọng điểm. Số lượng đơn đăng ký sáng chế, văn bằng bảo hộ sáng chế tăng trung bình 10%/năm. Tỷ lệ nhiệm vụ khoa học và công nghệ có kết quả nghiên cứu ứng dụng vào thực tiễn đạt trên 95%.",A
10,"Câu 10: Đồng chí hãy cho biết nhiệm vụ, giải pháp thứ Nhất để đột phá phát triển khoa học, công nghệ, đổi mới, sáng tạo và chuyển đổi số mà Quân ủy Trung ương xác định trong Nghị quyết số 3488-NQ/QUTW ngày 29 tháng 01 năm 2025?","Tăng cường đầu tư, hoàn thiện hạ tầng cho khoa học, công nghệ, đổi mới sáng tạo và chuyển đổi số","Khẩn trương hoàn thiện hệ thống văn bản tạo cơ sở pháp lý, xoá bỏ rào cản đang cản trở sự phát triển khoa học, công nghệ, đổi mới sáng tạo và chuyển đổi số","Nâng cao nhận thức, quyết tâm lãnh đạo, chỉ đạo tạo động lực mạnh mẽ trong toàn quân về phát triển khoa học, công nghệ, đổi mới sáng tạo và chuyển đổi số",C
11,"Câu 11: Đồng chí hãy cho biết nhiệm vụ, giải pháp thứ Hai để đột phá phát triển khoa học, công nghệ, đổi mới, sáng tạo và chuyển đổi số mà Quân ủy Trung ương xác định trong Nghị quyết số 3488-NQ/QUTW ngày 29 tháng 01 năm 2025?","Phát triển, trọng dụng nhân lực chất lượng cao, nhân tài đáp ứng yêu cầu phát triển khoa học, công nghệ, đổi mới sáng tạo và chuyển đổi số.","Khẩn trương hoàn thiện hệ thống văn bản tạo cơ sở pháp lý, xoá bỏ rào cản đang cản trở sự phát triển khoa học, công nghệ, đổi mới sáng tạo và chuyển đổi số","Nâng cao nhận thức, quyết tâm lãnh đạo, chỉ đạo tạo động lực mạnh mẽ trong toàn quân về phát triển khoa học, công nghệ, đổi mới sáng tạo và chuyển đổi số",B
12,"Câu 12: Đồng chí hãy cho biết nhiệm vụ, giải pháp thứ Ba để đột phá phát triển khoa học, công nghệ, đổi mới, sáng tạo và chuyển đổi số mà Quân ủy Trung ương xác định trong Nghị quyết số 3488-NQ/QUTW ngày 29 tháng 01 năm 2025?","Tăng cường đầu tư, hoàn thiện hạ tầng cho khoa học, công nghệ, đổi mới sáng tạo và chuyển đổi số","Khẩn trương hoàn thiện hệ thống văn bản tạo cơ sở pháp lý, xoá bỏ rào cản đang cản trở sự phát triển khoa học, công nghệ, đổi mới sáng tạo và chuyển đổi số","Nâng cao nhận thức, quyết tâm lãnh đạo, chỉ đạo tạo động lực mạnh mẽ trong toàn quân về phát triển khoa học, công nghệ, đổi mới sáng tạo và chuyển đổi số",A
13,"Câu 13: Đồng chí hãy cho biết nhiệm vụ, giải pháp thứ Tư để đột phá phát triển khoa học, công nghệ, đổi mới, sáng tạo và chuyển đổi số mà Quân ủy Trung ương xác định trong Nghị quyết số 3488-NQ/QUTW ngày 29 tháng 01 năm 2025?","Phát triển, trọng dụng nhân lực chất lượng cao, nhân tài đáp ứng yêu cầu phát triển khoa học, công nghệ, đổi mới sáng tạo và chuyển đổi số.","Khẩn trương hoàn thiện hệ thống văn bản tạo cơ sở pháp lý, xoá bỏ rào cản đang cản trở sự phát triển khoa học, công nghệ, đổi mới sáng tạo và chuyển đổi số","Nâng cao nhận thức, quyết tâm lãnh đạo, chỉ đạo tạo động lực mạnh mẽ trong toàn quân về phát triển khoa học, công nghệ, đổi mới sáng tạo và chuyển đổi số",A
14,"Câu 13a: Đồng chí hãy cho biết nhiệm vụ, giải pháp thứ Năm để đột phá phát triển khoa học, công nghệ, đổi mới, sáng tạo và chuyển đổi số mà Quân ủy Trung ương xác định trong Nghị quyết số 3488-NQ/QUTW ngày 29 tháng 01 năm 2025?","Đẩy mạnh chuyển đổi số, ứng dụng khoa học công nghệ, đổi mới sáng tạo trong hoạt động của các cơ quan trong hệ thống chính trị; nâng cao hiệu quả quản trị quốc gia, hiệu lực quản lý nhà nước trên các lĩnh vực, bảo đảm QPAN.","Thúc đẩy mạnh mẽ khoa học, công nghệ, đổi mới sáng tạo và chuyển đổi số trong doanh nghiệp","Tăng cường hợp tác quốc tế trong phát triển khoa học, công nghệ, đổi mới sáng tạo và chuyển đổi số",A
15,"Câu 13b: Đồng chí hãy cho biết nhiệm vụ, giải pháp thứ Sáu để đột phá phát triển khoa học, công nghệ, đổi mới, sáng tạo và chuyển đổi số mà Quân ủy Trung ương xác định trong Nghị quyết số 3488-NQ/QUTW ngày 29 tháng 01 năm 2025?","Đẩy mạnh chuyển đổi số, ứng dụng khoa học công nghệ, đổi mới sáng tạo trong hoạt động của các cơ quan trong hệ thống chính trị; nâng cao hiệu quả quản trị quốc gia, hiệu lực quản lý nhà nước trên các lĩnh vực, bảo đảm QPAN.","Thúc đẩy mạnh mẽ khoa học, công nghệ, đổi mới sáng tạo và chuyển đổi số trong doanh nghiệp","Tăng cường hợp tác quốc tế trong phát triển khoa học, công nghệ, đổi mới sáng tạo và chuyển đổi số",B
16,"Câu 13c: Đồng chí hãy cho biết nhiệm vụ, giải pháp thứ Bảy để đột phá phát triển khoa học, công nghệ, đổi mới, sáng tạo và chuyển đổi số mà Quân ủy Trung ương xác định trong Nghị quyết số 3488-NQ/QUTW ngày 29 tháng 01 năm 2025?","Đẩy mạnh chuyển đổi số, ứng dụng khoa học công nghệ, đổi mới sáng tạo trong hoạt động của các cơ quan trong hệ thống chính trị; nâng cao hiệu quả quản trị quốc gia, hiệu lực quản lý nhà nước trên các lĩnh vực, bảo đảm QPAN.","Thúc đẩy mạnh mẽ khoa học, công nghệ, đổi mới sáng tạo và chuyển đổi số trong doanh nghiệp","Tăng cường hợp tác quốc tế trong phát triển khoa học, công nghệ, đổi mới sáng tạo và chuyển đổi số",C
17,"Câu 14: Đồng chí hãy cho biết Kế hoạch số 95-KH/ĐU ngày 28/02/2025 của Đảng uỷ TCHC-KT thực hiện Nghị quyết số 3488-NQ/QUTW ngày 29/01/2025 của Quân ủy Trung ương về đột phá phát triển KHCN, ĐMST và CĐS trong Tổng cục Hậu cần - Kỹ thuật xác định chỉ tiêu đến năm 2030 về trình độ, năng lực công nghệ, đổi mới sáng tạo của doanh nghiệp trong Tổng cục đạt ở mức nào?",Đạt mức Tốt trong Quân đội,Đạt mức Khá trong Quân đội,Đạt mức Trung bình trong Quân đội,B
18,"Câu 15: Đồng chí hãy cho biết Kế hoạch số 95-KH/ĐU ngày 28/02/2025 của Đảng uỷ TCHC-KT thực hiện Nghị quyết số 3488-NQ/QUTW ngày 29/01/2025 của Quân ủy Trung ương về đột phá phát triển KHCN, ĐMST và CĐS trong Tổng cục Hậu cần - Kỹ thuật xác định chỉ tiêu đến năm 2030 tỷ lệ cơ quan, đơn vị trong Tổng cục HC-KT đạt mức độ chuyển đổi số “Tốt” theo Bộ tiêu chí đánh giá, xếp hạng mức độ chuyển đổi số trong các cơ quan, đơn vị BQP đạt bao nhiêu %?",70%,80%,90%,B
19,"Câu 16: Đồng chí hãy cho biết Kế hoạch số 95-KH/ĐU ngày 28/02/2025 của Đảng uỷ TCHC-KT thực hiện Nghị quyết số 3488-NQ/QUTW ngày 29/01/2025 của Quân ủy Trung ương về đột phá phát triển KHCN, ĐMST và CĐS trong Tổng cục Hậu cần - Kỹ thuật xác định chỉ tiêu đến năm 2030 về tiềm lực, trình độ khoa học, công nghệ và đổi mới sáng tạo đạt ở mức nào?","Đạt mức trung bình ở một số lĩnh vực BĐHC, BĐKT, thuộc nhóm dẫn đầu quốc gia.","Đạt mức xuất sắc ở một số lĩnh vực BĐHC, BĐKT, thuộc nhóm dẫn đầu quốc gia.","Đạt mức tiên tiến ở một số lĩnh vực BĐHC, BĐKT, thuộc nhóm dẫn đầu quốc gia.",C
20,"Câu 17: Đồng chí hãy cho biết Kế hoạch số 95-KH/ĐU ngày 28/02/2025 của Đảng uỷ TCHC-KT thực hiện Nghị quyết số 3488-NQ/QUTW ngày 29/01/2025 của Quân ủy Trung ương về đột phá phát triển KHCN, ĐMST và CĐS trong Tổng cục Hậu cần - Kỹ thuật xác định bao nhiêu nhóm nhiệm vụ, giải pháp chủ yếu?","07 nhóm nhiệm vụ, giải pháp chủ yếu.","08 nhóm nhiệm vụ, giải pháp chủ yếu.","09 nhóm nhiệm vụ, giải pháp chủ yếu.",A
21,"Câu 18: Đồng chí hãy cho biết Kế hoạch số 95-KH/ĐU ngày 28/02/2025 của Đảng uỷ TCHC-KT thực hiện Nghị quyết số 3488-NQ/QUTW ngày 29/01/2025 của Quân ủy Trung ương về đột phá phát triển KHCN, ĐMST và CĐS trong Tổng cục Hậu cần - Kỹ thuật xác định chỉ tiêu đến năm 2030 tỷ lệ cơ quan, đơn vị trong Tổng cục HC-KT đạt mức độ chuyển đổi số “Khá” theo Bộ tiêu chí đánh giá, xếp hạng mức độ chuyển đổi số trong các cơ quan, đơn vị BQP đạt bao nhiêu %?",30%,20%,10%,B
22,"Câu 19: Đồng chí hãy cho biết nhóm nhiệm vụ, giải pháp thứ Nhất xác định trong Kế hoạch số 95-KH/ĐU ngày 28/02/2025 của Đảng uỷ TCHC-KT thực hiện Nghị quyết số 3488-NQ/QUTW ngày 29/01/2025 của Quân ủy Trung ương về đột phá phát triển KHCN, ĐMST và CĐS trong Tổng cục Hậu cần - Kỹ thuật?","Khẩn trương, quyết liệt trong việc quán triệt, triển khai, tổ chức thực hiện các văn bản của trên; hoàn thiện hệ thống văn bản quy phạm pháp luật, quy phạm nội bộ, tạo lợi thế cạnh tranh trong phát triển KHCN, ĐMST và CĐS; xóa bỏ mọi tư tưởng, quan niệm, rào cản đang cản trở sự phát triển.","Nâng cao nhận thức, đột phá về đổi mới tư duy, xác định quyết tâm chính trị mạnh mẽ, quyết liệt lãnh đạo, chỉ đạo, tạo xung lực mới, khí thế mới trong toàn Tổng cục về phát triển KHCN, ĐMST và CĐS.","Tăng cường đầu tư, hoàn thiện hạ tầng cho KHCN, ĐMST và CĐS.",B
23,"Câu 20: Đồng chí hãy cho biết mục đích nâng cao nhận thức, trách nhiệm của quân nhân đối với gia đình, đơn vị, đồng chí, đồng đội?","Nhằm xây dựng mối đoàn kết, thống nhất trong cơ quan, đơn vị, đoàn kết quân dân, góp phần xây dựng cơ quan, đơn vị vững mạnh toàn diện “Mẫu mực, tiêu biểu”.","Nhằm xây dựng ý chí, quyết tâm và hành động tích cực cho mỗi quân nhân sẵn sàng nhận và hoàn thành mọi nhiệm vụ được giao; góp phần tích cực vào việc giữ vững sự ổn định và xây dựng đơn vị vững mạnh về chính trị, tư tưởng và tổ chức.","Nhằm xây dựng ý chí, quyết tâm; rèn luyện, tu dưỡng đạo đức, lối sống, tác phong công tác, góp phần xây dựng cơ quan, đơn vị vững mạnh toàn diện “Mẫu mực, tiêu biểu”.",B
24,"Câu 21: Đồng chí hãy cho biết sự cần thiết nâng cao nhận thức, trách nhiệm của quân nhân đối với gia đình, đơn vị, đồng chí, đồng đội?","Từ vị trí, ý nghĩa, tầm quan trọng của gia đình, đơn vị, đồng chí, đồng đội đối với quân nhân; Từ thực trạng nhận thức, trách nhiệm và thực trạng nâng cao nhận thức, trách nhiệm của quân nhân đối với gia đình, đơn vị, đồng chí, đồng đội trong giai đoạn hiện nay","Từ vị trí, ý nghĩa, tầm quan trọng của gia đình, đơn vị, đồng chí, đồng đội đối với quân nhân; Từ yêu cầu xây dựng Quân đội trong tình hình mới; Từ thực trạng nhận thức, trách nhiệm và thực trạng nâng cao nhận thức, trách nhiệm của quân nhân đối với gia đình, đơn vị, đồng chí, đồng đội trong giai đoạn hiện nay","Từ yêu cầu xây dựng Quân đội trong tình hình mới; Từ thực trạng nhận thức, trách nhiệm và thực trạng nâng cao nhận thức, trách nhiệm của quân nhân đối với gia đình, đơn vị, đồng chí, đồng đội trong giai đoạn hiện nay",B
25,"Câu 22: Đồng chí cho biết yêu cầu nâng cao nhận thức, trách nhiệm của quân nhân đối với gia đình, đơn vị, đồng chí, đồng đội?","Gắn nâng cao nhận thức, trách nhiệm của quân nhân đối với gia đình, đơn vị, đồng chí, đồng đội với công tác giáo dục chính trị; Xác định rõ trách nhiệm của quân nhân đối với gia đình, đơn vị, đồng chí, đồng đội; Phải được tiến hành thường xuyên, lâu dài, đặt dưới sự lãnh đạo, quản lý toàn diện của cấp uỷ đảng và người chỉ huy; Phối hợp với địa phương và gia đình trong nâng cao nhận thức, trách nhiệm của quân nhân đối với gia đình, đơn vị, đồng chí, đồng đội.","Gắn nâng cao nhận thức, trách nhiệm của quân nhân đối với gia đình, đơn vị, đồng chí, đồng đội với công tác giáo dục chính trị; Xác định rõ trách nhiệm của quân nhân đối với gia đình, đơn vị, đồng chí, đồng đội; Phải được tiến hành thường xuyên, lâu dài, đặt dưới sự lãnh đạo, quản lý toàn diện của cấp uỷ đảng và người chỉ huy.","Gắn nâng cao nhận thức, trách nhiệm của quân nhân đối với gia đình, đơn vị, đồng chí, đồng đội với công tác giáo dục chính trị; Phải được tiến hành thường xuyên, lâu dài, đặt dưới sự lãnh đạo, quản lý toàn diện của cấp uỷ đảng và người chỉ huy; Phối hợp với địa phương và gia đình trong nâng cao nhận thức, trách nhiệm của quân nhân đối với gia đình, đơn vị, đồng chí, đồng đội.",A
26,"Câu 23: Đồng chí cho biết giải pháp quan trọng hàng đầu, bao trùm, xuyên suốt để nâng cao nhận thức, trách nhiệm của quân nhân đối với gia đình, đơn vị, đồng chí, đồng đội?","Thường xuyên tạo sự tống nhất trong cấp ủy, chỉ huy cách thức nắm và giải quyết tư tưởng quân nhân.","Phát huy vai trò của các tổ chức, trách nhiệm nêu gương của lãnh đạo, chỉ huy các cấp trong nâng cao nhận thức, trách nhiệm của quân nhân đối với gia đình, đồng chí, đồng đội.","Tăng cường sự lãnh đạo, chỉ đạo của cấp ủy, tổ chức đảng, chính ủy, chính trị viên, người chỉ huy các cấp trong nâng cao nhận thức, trách nhiệm của quân nhân đối với gia đình, đồng chí, đồng đội.",C
27,"Câu 24: Đồng chí hãy nêu Điều 1 trong Quy định chuẩn mực đạo đức cách mạng của cán bộ, đảng viên trong giai đoạn mới?","Cần, kiệm, liêm, chính, chí công vô tư","Gương mẫu, khiêm tốn, tu dưỡng rèn luyện, học tập suốt đời","Yêu nước, tôn trọng Nhân dân, tuyệt đối trung thành với Đảng, với Tổ quốc",C
28,"Câu 25: Đồng chí hãy nêu Điều 2 trong Quy định chuẩn mực đạo đức cách mạng của cán bộ, đảng viên trong giai đoạn mới?","Cần, kiệm, liêm, chính, chí công vô tư","Gương mẫu, khiêm tốn, tu dưỡng rèn luyện, học tập suốt đời","Bản lĩnh, đổi mới, sáng tạo, hội nhập",C
29,"Câu 25a: Đồng chí hãy nêu Điều 3 trong Quy định chuẩn mực đạo đức cách mạng của cán bộ, đảng viên trong giai đoạn mới?","Cần, kiệm, liêm, chính, chí công vô tư","Gương mẫu, khiêm tốn, tu dưỡng rèn luyện, học tập suốt đời","Bản lĩnh, đổi mới, sáng tạo, hội nhập",A
30,"Câu 25b: Đồng chí hãy nêu Điều 4 trong Quy định chuẩn mực đạo đức cách mạng của cán bộ, đảng viên trong giai đoạn mới?","Cần, kiệm, liêm, chính, chí công vô tư","Đoàn kết, kỷ cương, tình thương, trách nhiệm","Bản lĩnh, đổi mới, sáng tạo, hội nhập",B
31,"Câu 26: Đồng chí hãy nêu Điều 5 trong Quy định chuẩn mực đạo đức cách mạng của cán bộ, đảng viên trong giai đoạn mới?","Cần, kiệm, liêm, chính, chí công vô tư","Gương mẫu, khiêm tốn, tu dưỡng rèn luyện, học tập suốt đời","Bản lĩnh, đổi mới, sáng tạo, hội nhập",B
32,Câu 27: Đồng chí hãy cho biết Bộ trưởng Bộ Quốc phòng ban hành Thông tư số 122/2024/TT-BQP quy định về thực hiện dân chủ ở cơ sở trong Quân đội nhân dân Việt Nam nhằm mục đích gì?,"Hoàn thiện quy định của pháp luật về thực hiện dân chủ ở cơ sở tại cơ quan, đơn vị, doanh nghiệp trong Quân đội nhân dân Việt Nam; bảo đảm công khai, minh bạch trong thực hiện dân chủ ở cơ sở, phù hợp với chức năng, nhiệm vụ của quân đội; nâng cao chất lượng hoạt động của hội đồng quân nhân và các tổ chức quần chúng.","Bảo đảm công khai, minh bạch trong thực hiện dân chủ ở cơ sở, phù hợp với chức năng, nhiệm vụ của quân đội; khắc phục những hạn chế, bất cập phát sinh trong thực tiễn thi hành các quy định về thực hiện dân chủ ở cơ sở.","Hoàn thiện quy định của pháp luật về thực hiện dân chủ ở cơ sở tại cơ quan, đơn vị, doanh nghiệp trong Quân đội nhân dân Việt Nam; bảo đảm công khai, minh bạch trong thực hiện dân chủ ở cơ sở, phù hợp với chức năng, nhiệm vụ của quân đội; khắc phục những hạn chế, bất cập phát sinh trong thực tiễn thi hành các quy định về thực hiện dân chủ ở cơ sở.",C
33,Câu 28: Đồng chí hãy cho biết đối tượng áp dụng của Thông tư số 122/2024/TT-BQP của Bộ trưởng Bộ Quốc phòng quy định về thực hiện dân chủ ở cơ sở trong Quân đội nhân dân Việt Nam?,"Đối tượng áp dụng của Thông tư là quân nhân, công nhân, viên chức quốc phòng, người lao động, cá nhân có liên quan đến việc thực hiện dân chủ ở cơ sở trong Quân đội nhân dân Việt Nam; người làm công tác cơ yếu, các cơ quan, đơn vị, tổ chức, doanh nghiệp thuộc Ban Cơ yếu Chính phủ.","Đối tượng áp dụng của Thông tư là quân nhân, công nhân, viên chức quốc phòng, người lao động, người sử dụng lao động, các cơ quan, đơn vị, tổ chức, doanh nghiệp, cá nhân có liên quan đến việc thực hiện dân chủ ở cơ sở trong Quân đội nhân dân Việt Nam; người làm công tác cơ yếu, các cơ quan, đơn vị, tổ chức, doanh nghiệp thuộc Ban Cơ yếu Chính phủ.","Đối tượng áp dụng của Thông tư là quân nhân, công nhân, viên chức quốc phòng, người lao động, người sử dụng lao động, hội đồng nhân nhân, các tổ chức quần chúng của các cơ quan, đơn vị, tổ chức, doanh nghiệp, cá nhân có liên quan đến việc thực hiện dân chủ ở cơ sở trong Quân đội nhân dân Việt Nam; người làm công tác cơ yếu, các cơ quan, đơn vị, tổ chức, doanh nghiệp thuộc Ban Cơ yếu Chính phủ.",B
34,"Câu 29: Đồng chí hãy cho biết theo Thông tư số 122/2024/TT-BQP của Bộ trưởng Bộ Quốc phòng quy định về thực hiện dân chủ ở cơ sở trong Quân đội nhân dân Việt Nam, thời gian giữa 02 kỳ đại hội quân nhân là bao lâu?",Đại hội quân nhân tổ chức 5 năm hai lần.,Đại hội quân nhân tổ chức 2 năm một lần.,Đại hội quân nhân tổ chức 3 năm một lần.,A
35,Câu 30: Đồng chí hãy cho biết các hình thức thực hiện dân chủ ở cơ sở quy định tại Thông tư số 122/2024/TT-BQP của Bộ trưởng Bộ Quốc phòng quy định về thực hiện dân chủ ở cơ sở trong Quân đội nhân dân Việt Nam?,Đối thoại tại nơi làm việc; hội nghị người lao động; các hình thức thực hiện dân chủ khác.,Đối thoại tại nơi làm việc; hội nghị người lao động; sinh hoạt ngày chính trị và văn hóa tinh thần cơ sở.,"Đối thoại tại nơi làm việc; tổ chức hòm thư góp ý tại các cơ quan, đơn vị; các hình thức thực hiện dân chủ khác.",A
36,"Câu 31: Đồng chí hãy cho biết yêu cầu phòng, chống tệ nạn xã hội xâm nhập vào đội ngũ sĩ quan, quân nhân chuyên nghiệp trong quân đội hiện nay?","Tăng cường công tác quản lý, kịp thời phát hiện và kiên quyết xử lý dứt điểm các trường hợp sĩ quan, quân nhân chuyên nghiệp mắc vào tệ nạn xã hội; Tiến hành thường xuyên, liên tục, kết hợp chặt chẽ giữa “xây” và “chống”, lấy “xây” là chính trong phòng, chống tệ nạn xã hội xâm nhập vào đội ngũ sĩ quan, quân nhân chuyên nghiệp trong quân đội hiện nay; Phát huy vai trò, trách nhiệm của các tổ chức, các lực lượng trong phòng, chống tệ nạn xã hội xâm nhập vào đội ngũ sĩ quan, quân nhân chuyên nghiệp trong quân đội hiện nay.","Tăng cường công tác quản lý, kịp thời phát hiện và kiên quyết xử lý dứt điểm các trường hợp sĩ quan, quân nhân chuyên nghiệp mắc vào tệ nạn xã hội; Tiến hành thường xuyên, liên tục, lấy “xây” là chính trong phòng, chống tệ nạn xã hội xâm nhập vào đội ngũ sĩ quan, quân nhân chuyên nghiệp trong quân đội hiện nay; Phát huy vai trò, trách nhiệm của các tổ chức, các lực lượng trong phòng, chống tệ nạn xã hội xâm nhập vào đội ngũ sĩ quan, quân nhân chuyên nghiệp trong quân đội hiện nay.","Kiên quyết xử lý dứt điểm các trường hợp sĩ quan, quân nhân chuyên nghiệp mắc vào tệ nạn xã hội; Tiến hành thường xuyên, liên tục, kết hợp chặt chẽ giữa “xây” và “chống”, lấy “xây” là chính trong phòng, chống tệ nạn xã hội xâm nhập vào đội ngũ sĩ quan, quân nhân chuyên nghiệp trong quân đội hiện nay; Phát huy vai trò, trách nhiệm của các tổ chức, các lực lượng trong phòng, chống tệ nạn xã hội xâm nhập vào đội ngũ sĩ quan, quân nhân chuyên nghiệp trong quân đội hiện nay.",A
37,"Câu 32: Đồng chí hãy nêu giải pháp quan trọng hàng đầu, bao trùm, xuyên suốt, bảo đảm cho công tác lãnh đạo, chỉ đạo nhiệm vụ phòng, chống tệ nạn xã hội xâm nhập vào đội ngũ sĩ quan, quân nhân chuyên nghiệp được thực hiện chặt chẽ, hiệu quả, đi vào thực chất và có chiều sâu.","Thường xuyên làm tốt công tác tuyên truyền, giáo dục, quán triệt, nâng cao nhận thức, trách nhiệm của đội ngũ sĩ quan, quân nhân chuyên nghiệp đối với việc phòng, chống tệ nạn xã hội ở các đơn vị quân đội hiện nay.","Tăng cường sự lãnh đạo, chỉ đạo của cấp ủy, tổ chức đảng, chính ủy, chính trị viên, người chỉ huy và cơ quan chính trị các cấp trong phòng, chống tệ nạn xã hội xâm nhập vào đội ngũ sĩ quan, quân nhân chuyên nghiệp trong quân đội hiện nay.","Phát huy vai trò tiền phong, gương mẫu và tính tích cực, tự giác của đội ngũ sĩ quan, quân nhân chuyên nghiệp trong phòng, chống tệ nạn xã hội xâm nhập vào quân đội hiện nay.",B
38,"Câu 33: Đồng chí hãy cho biết sự cần thiết phải phòng, chống tệ nạn xã hội xâm nhập vào đội ngũ sĩ quan, quân nhân chuyên nghiệp trong quân đội hiện nay?","Xuất phát từ sự tác động tiêu cực của tệ nạn xã hội khi xâm nhập vào đội ngũ sĩ quan, quân nhân chuyên nghiệp trong quân đội; Yêu cầu, nhiệm vụ xây dựng quân đội trong tình hình mới; Tình hình thế giới và khu vực diễn biến nhanh chóng, phức tạp, khó đoán định.","Xuất phát từ sự tác động tiêu cực của tệ nạn xã hội khi xâm nhập vào đội ngũ sĩ quan, quân nhân chuyên nghiệp trong quân đội; Yêu cầu, nhiệm vụ công tác xây dựng, chỉnh đốn Đảng hiện nay; Thực trạng phòng, chống tệ nạn xã hội xâm nhập vào đội ngũ sĩ quan, quân nhân chuyên nghiệp trong quân đội hiện nay","Xuất phát từ sự tác động tiêu cực của tệ nạn xã hội khi xâm nhập vào đội ngũ sĩ quan, quân nhân chuyên nghiệp trong quân đội; Yêu cầu, nhiệm vụ xây dựng quân đội trong tình hình mới; Thực trạng phòng, chống tệ nạn xã hội xâm nhập vào đội ngũ sĩ quan, quân nhân chuyên nghiệp trong quân đội hiện nay",C
39,"Câu 34: Đồng chí hãy nêu khái niệm năng lực chỉ huy, quản lý của cán bộ ở đơn vị cơ sở?","Năng lực chỉ huy, quản lý của cán bộ ở đơn vị cơ sở là tổ hợp các kiến thức, kinh nghiệm, kỹ năng chỉ huy được vận dụng phù hợp với yêu cầu của hoạt động nhằm hướng quân nhân và tập thể quân nhân thực hiện và hoàn thành nhiệm vụ được giao trong mọi tình huống.","Năng lực chỉ huy, quản lý của cán bộ ở đơn vị cơ sở là tổ hợp các kiến thức, thái độ, kỹ năng tổ chức, điều khiển được vận dụng phù hợp với yêu cầu của hoạt động nhằm hướng quân nhân và tập thể quân nhân thực hiện và hoàn thành nhiệm vụ được giao trong mọi tình huống.","Năng lực chỉ huy, quản lý của cán bộ ở đơn vị cơ sở là tổ hợp giải quyết các mối quan hệ trong tập thể quân nhân, là kỹ năng tổ chức, điều khiển được vận dụng phù hợp với yêu cầu của hoạt động nhằm hướng quân nhân và tập thể quân nhân thực hiện và hoàn thành nhiệm vụ được giao trong mọi tình huống.",B
40,"Câu 35: Đồng chí hãy cho biết kỹ năng chỉ huy, quản lý bao gồm hệ thống các kỹ năng thành phần nào?",Kỹ năng xử lí thông tin; kỹ năng ra quyết định; kỹ năng tổ chức thực hiện nhiệm vụ và kỹ năng xử lí tình huống.,Kỹ năng phán đoán; kỹ năng ra quyết định; kỹ năng tổ chức thực hiện nhiệm vụ và kỹ năng xử lí tình huống.,Kỹ năng nắm và dự báo; kỹ năng xử lí thông tin; kỹ năng ra quyết định; kỹ năng tổ chức thực hiện nhiệm vụ và kỹ năng xử lí tình huống.,A
41,"Câu 36: Đồng chí hãy cho biết thái độ trong hoạt động chỉ huy, quản lý của cán bộ ở đơn vị cơ sở gồm các thành tố nào?","Quyết đoán, dân chủ, công bằng, nhiệt tình, trung thực và kiên nhẫn.","Quyết đoán, dám chịu trách nhiệm, dân chủ, nhiệt tình, trung thực và kiên nhẫn.","Quyết đoán, dân chủ, nhiệt tình, trung thực và kiên nhẫn.",C
42,"Câu 37: Đồng chí hãy cho biết khái niệm “Nâng cao năng lực chỉ huy, quản lý cho cán bộ ở đơn vị cơ sở”?","Là tổng hợp các biện pháp của cấp ủy, cán bộ chủ trì, cơ quan chức năng và các lực lượng liên quan tác động vào đội ngũ cán bộ nhằm trang bị hệ thống kiến thức, thái độ và kỹ năng quản lý, chỉ huy góp phần giúp họ nâng cao phẩm chất, năng lực, hoàn thành tốt chức trách, nhiệm vụ được giao.","Là tổng hợp các biện pháp của cấp ủy, cán bộ chủ trì, cơ quan chức năng và các lực lượng liên quan tác động vào đội ngũ cán bộ nhằm trang bị hệ thống kiến thức góp phần giúp họ nâng cao phẩm chất, năng lực, hoàn thành tốt chức trách, nhiệm vụ được giao.","Là tổng hợp các biện pháp của cấp ủy, cán bộ chủ trì, cơ quan chức năng và các lực lượng liên quan tác động vào đội ngũ cán bộ nhằm trang bị hệ thống kiến thức, thái độ và kỹ năng quản lý, chỉ huy góp phần giúp họ hoàn thành tốt chức trách, nhiệm vụ được giao.",A
43,"Câu 38: Đồng chí hãy cho biết chủ thể nâng cao năng lực chỉ huy, quản lý cho đội ngũ cán bộ ở đơn vị cơ sở?","Là cấp uỷ, tổ chức đảng, lãnh đạo, chỉ huy đơn vị, cán bộ chủ trì, cơ quan chính trị và bản thân mỗi cán bộ ở đơn vị cơ sở.","Là cấp uỷ, tổ chức đảng, lãnh đạo, chỉ huy đơn vị, cán bộ chủ trì, cơ quan chính trị đơn vị cơ sở.","Là cấp uỷ, tổ chức đảng, tổ chức quần chúng, lãnh đạo, chỉ huy đơn vị, cán bộ chủ trì, cơ quan chính trị và bản thân mỗi cán bộ ở đơn vị cơ sở.",A
44,"Câu 39: Đồng chí hãy cho biết đối tượng nâng cao năng lực chỉ huy, quản lý?","Là đội ngũ cán bộ cấp trung đội, đại đội ở đơn vị cơ sở. Đội ngũ cán bộ ở đơn vị cơ sở vừa là đối tượng vừa là chủ thể quá trình tự nâng cao năng lực chỉ huy, quản lý.","Là đội ngũ cán bộ, đảng viên ở đơn vị cơ sở. Đội ngũ cán bộ ở đơn vị cơ sở vừa là đối tượng vừa là chủ thể quá trình tự nâng cao năng lực chỉ huy, quản lý.","Là đội ngũ cán bộ ở đơn vị cơ sở. Đội ngũ cán bộ ở đơn vị cơ sở vừa là đối tượng vừa là chủ thể quá trình tự nâng cao năng lực chỉ huy, quản lý.",C
45,"Câu 40: Đồng chí hãy cho biết nội dung nâng cao năng lực chỉ huy, quản lý cho đội ngũ cán bộ ở đơn vị cơ sở đáp ứng yêu cầu xây dựng quân đội tinh, gọn, mạnh, tiến lên hiện đại?","Nâng cao hệ thống kiến thức quản lý, chỉ huy đơn vị cho đội ngũ cán bộ; nâng cao các năng lực chỉ huy, quản lý cụ thể ở đơn vị; nâng cao tính chủ động trong thực hiện nhiệm vụ cho đội ngũ cán bộ.","Nâng cao hệ thống kiến thức quản lý, chỉ huy đơn vị cho đội ngũ cán bộ; nâng cao các năng lực chỉ huy, quản lý cụ thể ở đơn vị; nâng cao thái độ, trách nhiệm cho đội ngũ cán bộ.","Nâng cao lễ tiết, tác phong quân nhân, kiến thức quân sự, hiểu biết xã hội cho đội ngũ cán bộ; nâng cao các năng lực chỉ huy, quản lý cụ thể ở đơn vị; nâng cao thái độ, trách nhiệm cho đội ngũ cán bộ.",B
46,"Câu 41: Đồng chí hãy cho biết yêu cầu nâng cao năng lực chỉ huy, quản lý cho đội ngũ cán bộ ở đơn vị cơ sở đáp ứng yêu cầu xây dựng quân đội tinh, gọn, mạnh, tiến lên hiện đại?","Phải bám sát thực tiễn của đơn vị và thực trạng năng lực chỉ huy, quản lý của đội ngũ cán bộ ở đơn vị cơ sở để nâng cao năng lực chỉ huy, quản lý cho đội ngũ này; Kết hợp chặt chẽ giữa nâng cao năng lực chỉ huy, quản lý với rèn luyện đội ngũ cán bộ theo tinh thần “7 dám”","Phải tiến hành thường xuyên, liên tục, kết hợp giữa “xây” và “chống”; Tạo môi trường thuận lợi cho đội ngũ cán bộ ở đơn vị cơ sở tự nâng cao năng lực chỉ huy, quản lý",Cả 02 phương án trên,C
47,"Câu 42: Đồng chí hãy cho biết đâu là giải pháp quan trọng hàng đầu để nâng cao năng lực chỉ huy, quản lý cho đội ngũ cán bộ ở đơn vị cơ sở đáp ứng yêu cầu xây dựng quân đội tinh, gọn, mạnh, tiến lên hiện đại?","Thường xuyên đổi mới nội dung, đa dạng hóa hình thức, phương pháp nâng cao năng lực chỉ huy, quản lý cho đội ngũ cán bộ ở đơn vị cơ sở đáp ứng yêu cầu xây dựng quân đội tinh, gọn, mạnh, tiến lên hiện đại.","Nâng cao nhận thức, trách nhiệm và tăng cường sự lãnh đạo, chỉ đạo của cấp ủy, tổ chức đảng, chỉ huy các cấp trong nâng cao năng lực chỉ huy, quản lý cho đội ngũ cán bộ ở đơn vị cơ sở.","Phát huy tính tích cực, tự giác, sáng tạo trong tự nâng cao năng lực chỉ huy, quản lý của đội ngũ cán bộ ở đơn vị cơ sở đáp ứng yêu cầu xây dựng quân đội tinh, gọn, mạnh, tiến lên hiện đại.",B
48,"Câu 43: Đồng chí hãy cho biết Chỉ thị số 25-CT/TW, ngày 08/8/2018 của Ban Bí thư chỉ đạo về nội dung gì?",Đẩy mạnh và nâng tầm đối ngoại đa phương đến năm 2030.,Đẩy mạnh và nâng tầm đối ngoại nhân dân đến năm 2030. c Đẩy mạnh và nâng tầm đối ngoại Đảng và Nhà nước đến năm 2030.,nan,A
49,"Câu 44: Đồng chí hãy cho biết nhiệm vụ, giải pháp cơ bản, quan trọng nhất về hội nhập quốc tế trong tình hình mới được Bộ Chính trị xác định trong Nghị quyết số 59-NQ/TW ngày 24/01/2025?","Đẩy mạnh hội nhập quốc tế về khoa học công nghệ và đổi mới sáng tạo, góp phần nâng cao năng lực cạnh tranh quốc gia, mở rộng không gian phát triển bền vững và hiện đại hoá đất nước","Tăng cường sự lãnh đạo của Đảng; đổi mới tư duy, nhận thức và hành động trong hội nhập quốc tế trong tình hình mới","Nâng cao hiệu quả hội nhập kinh tế quốc tế phục vụ xây dựng nền kinh tế độc lập, tự chủ, tự lực, tự cường, đẩy mạnh cơ cấu lại nền kinh tế, đổi mới mô hình tăng trưởng và thúc đẩy chuyển đổi số",B
50,Câu 45: Đồng chí hãy cho biết Nghị quyết số 59-NQ/TW ngày 24/01/2025 của Bộ Chính về nội dung gì?,Về hội nhập quốc tế trong tình hình mới.,Về đối ngoại đa phương trong tình hình mới.,Về đối ngoại quốc phòng trong tình hình mới.,A
51,Câu 46: Đồng chí hãy cho biết Nghị quyết số 66-NQ/TW ngày 30/4/2025 của Bộ Chính trị về nội dung gì?,Về đổi mới công tác xây dựng và thi hành chuyển đổi số đáp ứng yêu cầu phát triển đất nước trong kỷ nguyên mới.,Về đổi mới công tác xây dựng và thi hành pháp luật đáp ứng yêu cầu phát triển đất nước trong kỷ nguyên mới.,Về đổi mới công tác xây dựng và thi hành cải cách bộ máy chính quyền đáp ứng yêu cầu phát triển đất nước trong kỷ nguyên mới.,B
52,Câu 47: Đồng chí hãy cho biết 03 trụ cột ngoại giao được Bộ Chính trị xác định trong Nghị quyết số 59-NQ/TW ngày 24/01/2025 về hội nhập quốc tế trong tình hình mới?,"Đối ngoại đảng, ngoại giao nhà nước và đối ngoại quốc phòng.","Đối ngoại đảng, ngoại giao nhà nước và đối ngoại nhân dân.","Đối ngoại đảng, ngoại giao nhà nước và đối ngoại công an nhân dân.",B
53,Câu 48: Đồng chí hãy cho biết mục tiêu về Hội nhập quốc tế về khoa học công nghệ và đổi mới sáng tạo được Bộ Chính trị xác định trong Nghị quyết số 59-NQ/TW ngày 24/01/2025 về hội nhập quốc tế trong tình hình mới?,"Phấn đấu đến năm 2030, Việt Nam thuộc nhóm 40 nước dẫn đầu thế giới về Chỉ số đổi mới sáng tạo toàn cầu (GII) và liên tục nâng hạng vào các năm tiếp theo; tỉ lệ doanh nghiệp có hoạt động đổi mới sáng tạo đạt ít nhất 40% trong tổng số doanh nghiệp.","Phấn đấu đến năm 2030, Việt Nam thuộc nhóm 45 nước dẫn đầu thế giới về Chỉ số đổi mới sáng tạo toàn cầu (GII) và liên tục nâng hạng vào các năm tiếp theo; tỉ lệ doanh nghiệp có hoạt động đổi mới sáng tạo đạt ít nhất 40% trong tổng số doanh nghiệp.","Phấn đấu đến năm 2030, Việt Nam thuộc nhóm 40 nước dẫn đầu thế giới về Chỉ số đổi mới sáng tạo toàn cầu (GII) và liên tục nâng hạng vào các năm tiếp theo; tỉ lệ doanh nghiệp có hoạt động đổi mới sáng tạo đạt ít nhất 30% trong tổng số doanh nghiệp.",A
54,"Câu 49: Đồng chí hãy cho biết mục tiêu về Hội nhập quốc tế về văn hoá, thể thao và du lịch được Bộ Chính trị xác định trong Nghị quyết số 59-NQ/TW ngày 24/01/2025 về hội nhập quốc tế trong tình hình mới?",Thuộc nhóm 30 quốc gia có năng lực cạnh tranh du lịch hàng đầu thế giới; hoàn thành cơ bản các Mục tiêu Phát triển bền vững của Liên hợp quốc.,Thuộc nhóm 40 quốc gia có năng lực cạnh tranh du lịch hàng đầu thế giới; hoàn thành cơ bản các Mục tiêu Phát triển bền vững của Liên hợp quốc.,Thuộc nhóm 30 quốc gia có năng lực cạnh tranh du lịch hàng đầu thế giới; hoàn thành các Mục tiêu Phát triển bền vững của Liên hợp quốc.,A
55,"Câu 50: Đồng chí hãy cho biết mục tiêu về Hội nhập quốc tế về giáo dục, y tế được Bộ Chính trị xác định trong Nghị quyết số 59-NQ/TW ngày 24/01/2025 về hội nhập quốc tế trong tình hình mới?",Đưa nền giáo dục và hệ thống y tế Việt Nam đạt trình độ tiên tiến trong khu vực; phát triển một số trường đại học lớn trong nhóm hàng đầu khu vực châu Á - Thái Bình Dương và nhóm 200 trường đại học hàng đầu thế giới.,Đưa nền giáo dục và hệ thống y tế Việt Nam đạt trình độ tiên tiến trong khu vực; phát triển một số trường đại học lớn trong nhóm hàng đầu khu vực châu Á - Thái Bình Dương và nhóm 150 trường đại học hàng đầu thế giới.,Đưa nền giáo dục và hệ thống y tế Việt Nam đạt trình độ tiên tiến trong khu vực; phát triển một số trường đại học lớn trong nhóm hàng đầu khu vực châu Á - Thái Bình Dương và nhóm 100 trường đại học hàng đầu thế giới.,C
56,Câu 51: Đồng chí hãy cho biết Nghị quyết số 68-NQ/TW ngày 04/5/2025 của Bộ Chính trị về nội dung gì?,Về phát triển kinh tế tư nhân.,Về phát triển kinh tế nhà nước.,Về phát triển kinh tế có vốn đầu tư từ nước ngoài.,A
57,Câu 52: Đồng chí hãy cho biết mục tiêu về phát triển kinh tế tư nhân đến năm 2030 được Bộ Chính trị xác định trong Nghị quyết số 68-NQ/TW ngày 04/5/2025 về phát triển kinh tế tư nhân?,"Kinh tế tư nhân là một động lực quan trọng nhất của nền kinh tế quốc dân; là lực lượng tiên phong trong phát triển KHCN, đổi mới sáng tạo và chuyển đổi số.","Kinh tế tư nhân là một động lực cơ bản của nền kinh tế quốc dân; là lực lượng tiên phong trong phát triển KHCN, đổi mới sáng tạo và chuyển đổi số.","Kinh tế tư nhân là động lực quyết định của nền kinh tế quốc dân; là lực lượng tiên phong trong phát triển KHCN, đổi mới sáng tạo và chuyển đổi số.",A
58,"Câu 53: Đồng chí hãy cho biết mục tiêu về năng lực công nghệ, đổi mới sáng tạo và chuyển đổi số đến năm 2030 được Bộ Chính trị xác định trong Nghị quyết số 68-NQ/TW ngày 04/5/2025 về phát triển kinh tế tư nhân?","Trình độ, năng lực công nghệ, đổi mới sáng tạo và chuyển đổi số đứng đầu ASEAN và nhóm 5 nước đứng đầu khu vực Châu Á.","Trình độ, năng lực công nghệ, đổi mới sáng tạo và chuyển đổi số thuộc nhóm 3 nước đứng đầu ASEAN và nhóm 5 nước đứng đầu khu vực Châu Á.","Trình độ, năng lực công nghệ, đổi mới sáng tạo và chuyển đổi số thuộc nhóm 3 nước đứng đầu ASEAN và nhóm 5 nước đứng đầu thế giới.",B
59,Câu 54: Đồng chí hãy cho biết mục tiêu về đóng góp của kinh tế tư nhân vào nền kinh tế quốc dân đến năm 2030 được Bộ Chính trị xác định trong Nghị quyết số 68-NQ/TW ngày 04/5/2025 về phát triển kinh tế tư nhân?,Đóng góp khoảng 55-58% GDP.,Đóng góp khoảng 30-35% GDP.,Đóng góp khoảng 70% GDP.,A
60,Câu 54b: Đồng chí hãy cho biết mục tiêu về tổng thu ngân sách của kinh tế tư nhân vào nền kinh tế quốc dân đến năm 2030 được Bộ Chính trị xác định trong Nghị quyết số 68-NQ/TW ngày 04/5/2025 về phát triển kinh tế tư nhân?,Đóng góp khoảng 35-40% tổng thu ngân sách nhà nước.,Đóng góp khoảng 30-35%  tổng thu ngân sách nhà nước.,Đóng góp khoảng 70%  tổng thu ngân sách nhà nước.,A
61,Câu 54c: Đồng chí hãy cho biết mục tiêu về giải quyết việc làm của kinh tế tư nhân vào nền kinh tế quốc dân đến năm 2030 được Bộ Chính trị xác định trong Nghị quyết số 68-NQ/TW ngày 04/5/2025 về phát triển kinh tế tư nhân?,Giải quyết khoảng 84-85% tổng số lao động.,Giải quyết khoảng 86-87% tổng số lao động.,Giải quyết khoảng 82-83% tổng số lao động..,A
62,"Câu 55: Đồng chí hãy cho biết Luật Quản lý, sử dụng vũ khí, vật liệu nổ và công cụ hỗ trợ có hiệu lực thi hành từ thời điểm nào?",Hiệu lực thi hành từ ngày 01 tháng 01 năm 2025,"Hiệu lực thi hành từ ngày 01 tháng 01 năm 2025, trừ trường hợp quy định tại Điều 17, Điều 32 và khoản 1 Điều 49 của Luật này có hiệu lực thi hành từ ngày 01 tháng 7 năm 2025",Hiệu lực thi hành từ ngày 01 tháng 7 năm 2025,B
63,"Câu 56: Đồng chí hãy cho biết mục đích xây dựng Luật Quản lý, sử dụng vũ khí, vật liệu nổ và công cụ hỗ trợ?","Nhằm hoàn thiện cơ chế, chính sách, trình tự, thủ tục hành chính và khắc phục những khó khăn, vướng mắc, bất cập phát sinh trong quá trình thi hành pháp luật về quản lý, sử dụng vũ khí, vật liệu nổ và công cụ hỗ trợ; đáp ứng yêu cầu xây dựng nền quốc phòng toàn dân.","Nhằm hoàn thiện cơ chế, chính sách, trình tự, thủ tục hành chính và khắc phục những khó khăn, vướng mắc, bất cập phát sinh trong quá trình thi hành pháp luật về quản lý, sử dụng vũ khí, vật liệu nổ và công cụ hỗ trợ, bảo đảm thống nhất với các luật có liên quan; đồng thời, tạo cơ sở pháp lý trong công tác quản lý nhà nước và phòng chống tội phạm, vi phạm pháp luật về quản lý, sử dụng vũ khí, vật liệu nổ, công cụ hỗ trợ.",Cả 2 phương án trên,B
64,"Câu 57: Đồng chí hãy cho biết mục phạm vi điều chỉnh Luật Quản lý, sử dụng vũ khí, vật liệu nổ và công cụ hỗ trợ?","Luật này quy định về quản lý, vũ khí, vật liệu nổ, tiền chất thuốc nổ, công cụ hỗ trợ; nguyên tắc, trách nhiệm của cơ quan, tổ chức, cá nhân trong quản lý, sử dụng vũ khí, vật liệu nổ, tiền chất thuốc nổ, công cụ hỗ trợ nhằm bảo vệ an ninh quốc gia, bảo đảm trật tự, an toàn xã hội, bảo vệ quyền con người, quyền công dân.","Luật này quy định về quản lý, sử dụng vũ khí, vật liệu nổ, tiền chất thuốc nổ, công cụ hỗ trợ; nguyên tắc, trách nhiệm của cơ quan, tổ chức, cá nhân trong quản lý, sử dụng vũ khí, vật liệu nổ, tiền chất thuốc nổ, công cụ hỗ trợ nhằm bảo vệ an ninh quốc gia, bảo đảm trật tự, an toàn xã hội.","Luật này quy định về quản lý, sử dụng vũ khí, vật liệu nổ, tiền chất thuốc nổ, công cụ hỗ trợ; nguyên tắc, trách nhiệm của cơ quan, tổ chức, cá nhân trong quản lý, sử dụng vũ khí, vật liệu nổ, tiền chất thuốc nổ, công cụ hỗ trợ nhằm bảo vệ an ninh quốc gia, bảo đảm trật tự, an toàn xã hội, bảo vệ quyền con người, quyền công dân và phục vụ phát triển kinh tế - xã hội.",C
65,"Câu 58: Đồng chí hãy cho biết Luật sửa đổi, bổ sung một số điều của Luật Sĩ quan QĐND Việt Nam năm 2024 có hiệu lực thi hành từ thời điểm nào?","Luật sửa đổi, bổ sung một số điều của Luật Sĩ quan QĐND Việt Nam  có hiệu lực thi hành từ ngày 01/12/2024.","Luật sửa đổi, bổ sung một số điều của Luật Sĩ quan QĐND Việt Nam  có hiệu lực thi hành từ ngày 01/1/2025.","Luật sửa đổi, bổ sung một số điều của Luật Sĩ quan QĐND Việt Nam  có hiệu lực thi hành từ ngày 01/7/2025.",A
66,"Câu 59: Đồng chí hãy cho biết hạn tuổi cao nhất của sĩ quan phục vụ tại ngũ theo cấp bậc quân hàm quy định tại Luật sửa đổi, bổ sung một số điều của Luật Sĩ quan QĐND Việt Nam năm 2024?","Cấp úy 50 tuổi; Thiếu tá 52 tuổi; Trung tá 54 tuổi; Thượng tá 56 tuổi; Đại tá nam 58 tuổi, nữ 58 tuổi; cấp tướng nam 60 tuổi, nữ 60 tuổi.","Cấp úy 50 tuổi; Thiếu tá 52 tuổi; Trung tá 54 tuổi; Thượng tá 56 tuổi; Đại tá nam 58 tuổi, nữ 57 tuổi; cấp tướng nam 60 tuổi, nữ 59 tuổi.","Cấp úy 50 tuổi; Thiếu tá 52 tuổi; Trung tá 54 tuổi; Thượng tá 56 tuổi; Đại tá nam 58 tuổi, nữ 58 tuổi; cấp tướng nam 60 tuổi, nữ 59 tuổi.",A
67,"Câu 60: Đồng chí hãy cho biết hạn tuổi cao nhất của sĩ quan dự bị theo cấp bậc quân hàm quy định tại Luật sửa đổi, bổ sung một số điều của Luật Sĩ quan QĐND Việt Nam năm 2024?","Cấp úy 53 tuổi, Thiếu tá 55 tuổi, Trung tá 57 tuổi, Thượng tá 59 tuổi, Đại tá 61 tuổi và cấp tướng 63.","Cấp úy 53 tuổi, Thiếu tá 55 tuổi, Trung tá 57 tuổi, Thượng tá 59 tuổi, Đại tá 60 tuổi và cấp tướng 62.",nan,A
